<?xml version="1.0" encoding="UTF-8"?><rss version="2.0"
	xmlns:content="http://purl.org/rss/1.0/modules/content/"
	xmlns:dc="http://purl.org/dc/elements/1.1/"
	xmlns:atom="http://www.w3.org/2005/Atom"
	xmlns:sy="http://purl.org/rss/1.0/modules/syndication/"
	
	xmlns:georss="http://www.georss.org/georss"
	xmlns:geo="http://www.w3.org/2003/01/geo/wgs84_pos#"
	
	>
<channel>
	<title>
	Comments on: Ingredients of Pepperoni Feast	</title>
	<atom:link href="http://https://github.com/tee275/beepizza.github.io.git/2022/03/28/chao-moi-nguoi/feed/" rel="self" type="application/rss+xml" />
	<link>http://https://github.com/tee275/beepizza.github.io.git/2022/03/28/chao-moi-nguoi/</link>
	<description></description>
	<lastBuildDate>Fri, 15 Apr 2022 06:22:44 +0000</lastBuildDate>
	<sy:updatePeriod>
	hourly	</sy:updatePeriod>
	<sy:updateFrequency>
	1	</sy:updateFrequency>
	<generator>https://wordpress.org/?v=6.0</generator>
	<item>
		<title>
		By: pizza		</title>
		<link>http://https://github.com/tee275/beepizza.github.io.git/2022/03/28/chao-moi-nguoi/#comment-5</link>

		<dc:creator><![CDATA[pizza]]></dc:creator>
		<pubDate>Wed, 13 Apr 2022 03:27:51 +0000</pubDate>
		<guid isPermaLink="false">http://https://github.com/tee275/beepizza.github.io.git/?p=1#comment-5</guid>

					<description><![CDATA[sdrsrsrsr]]></description>
			<content:encoded><![CDATA[<p>sdrsrsrsr</p>
]]></content:encoded>
		
			</item>
		<item>
		<title>
		By: Một người bình luận WordPress		</title>
		<link>http://https://github.com/tee275/beepizza.github.io.git/2022/03/28/chao-moi-nguoi/#comment-1</link>

		<dc:creator><![CDATA[Một người bình luận WordPress]]></dc:creator>
		<pubDate>Mon, 28 Mar 2022 08:53:03 +0000</pubDate>
		<guid isPermaLink="false">http://https://github.com/tee275/beepizza.github.io.git/?p=1#comment-1</guid>

					<description><![CDATA[Xin chào, đây là một bình luận
Để bắt đầu với quản trị bình luận, chỉnh sửa hoặc xóa bình luận, vui lòng truy cập vào khu vực Bình luận trong trang quản trị.
Avatar của người bình luận sử dụng &lt;a href=&quot;https://gravatar.com&quot;&gt;Gravatar&lt;/a&gt;.]]></description>
			<content:encoded><![CDATA[<p>Xin chào, đây là một bình luận<br />
Để bắt đầu với quản trị bình luận, chỉnh sửa hoặc xóa bình luận, vui lòng truy cập vào khu vực Bình luận trong trang quản trị.<br />
Avatar của người bình luận sử dụng <a href="https://gravatar.com/">Gravatar</a>.</p>
]]></content:encoded>
		
			</item>
	</channel>
</rss>
