<?xml version="1.0" encoding="UTF-8"?><rss version="2.0"
	xmlns:content="http://purl.org/rss/1.0/modules/content/"
	xmlns:wfw="http://wellformedweb.org/CommentAPI/"
	xmlns:dc="http://purl.org/dc/elements/1.1/"
	xmlns:atom="http://www.w3.org/2005/Atom"
	xmlns:sy="http://purl.org/rss/1.0/modules/syndication/"
	xmlns:slash="http://purl.org/rss/1.0/modules/slash/"
	
	xmlns:georss="http://www.georss.org/georss"
	xmlns:geo="http://www.w3.org/2003/01/geo/wgs84_pos#"
	>

<channel>
	<title>pizza &#8211; beepizza</title>
	<atom:link href="http://https://github.com/tee275/beepizza.github.io.git/tu-khoa-san-pham/pizza/feed/" rel="self" type="application/rss+xml" />
	<link>http://https://github.com/tee275/beepizza.github.io.git</link>
	<description></description>
	<lastBuildDate>Tue, 17 May 2022 04:52:05 +0000</lastBuildDate>
	<language>en-US</language>
	<sy:updatePeriod>
	hourly	</sy:updatePeriod>
	<sy:updateFrequency>
	1	</sy:updateFrequency>
	<generator>https://wordpress.org/?v=6.0</generator>
	<item>
		<title>Cheese Mania</title>
		<link>http://https://github.com/tee275/beepizza.github.io.git/san-pham/pizza-cheese-mania/</link>
					<comments>http://https://github.com/tee275/beepizza.github.io.git/san-pham/pizza-cheese-mania/#respond</comments>
		
		<dc:creator><![CDATA[pizza]]></dc:creator>
		<pubDate>Thu, 14 Apr 2022 03:24:25 +0000</pubDate>
				<guid isPermaLink="false">http://https://github.com/tee275/beepizza.github.io.git/?post_type=product&#038;p=348</guid>

					<description><![CDATA[The combination of mozzarella cheese and tomatoes sauce are brought into the oven to melt together
<div class="ddict_btn" style="top: 33px; left: 337.238px;"><img src="chrome-extension://fcfpagpiibkilokeihmaggjgheaemgbi/logo/48.png" /></div>]]></description>
										<content:encoded><![CDATA[The combination of mozzarella cheese and tomatoes sauce are brought into the oven to melt together
<div class="ddict_btn" style="top: 33px; left: 337.238px;"><img src="chrome-extension://fcfpagpiibkilokeihmaggjgheaemgbi/logo/48.png" /></div>]]></content:encoded>
					
					<wfw:commentRss>http://https://github.com/tee275/beepizza.github.io.git/san-pham/pizza-cheese-mania/feed/</wfw:commentRss>
			<slash:comments>0</slash:comments>
		
		
			</item>
		<item>
		<title>Cheesy Chicken Bacon</title>
		<link>http://https://github.com/tee275/beepizza.github.io.git/san-pham/pizza-cheesy-chicken-bacon/</link>
					<comments>http://https://github.com/tee275/beepizza.github.io.git/san-pham/pizza-cheesy-chicken-bacon/#respond</comments>
		
		<dc:creator><![CDATA[pizza]]></dc:creator>
		<pubDate>Thu, 14 Apr 2022 03:10:48 +0000</pubDate>
				<guid isPermaLink="false">http://https://github.com/tee275/beepizza.github.io.git/?post_type=product&#038;p=346</guid>

					<description><![CDATA[The combination of cheese, bacon and chicken are brought into the oven to melt together
<div class="ddict_btn" style="top: 49px; left: 337.238px;"><img src="chrome-extension://fcfpagpiibkilokeihmaggjgheaemgbi/logo/48.png" /></div>]]></description>
										<content:encoded><![CDATA[The combination of cheese, bacon and chicken are brought into the oven to melt together
<div class="ddict_btn" style="top: 49px; left: 337.238px;"><img src="chrome-extension://fcfpagpiibkilokeihmaggjgheaemgbi/logo/48.png" /></div>]]></content:encoded>
					
					<wfw:commentRss>http://https://github.com/tee275/beepizza.github.io.git/san-pham/pizza-cheesy-chicken-bacon/feed/</wfw:commentRss>
			<slash:comments>0</slash:comments>
		
		
			</item>
		<item>
		<title>Teriyaki Chicken</title>
		<link>http://https://github.com/tee275/beepizza.github.io.git/san-pham/pizza-teriyaki-chicken/</link>
					<comments>http://https://github.com/tee275/beepizza.github.io.git/san-pham/pizza-teriyaki-chicken/#respond</comments>
		
		<dc:creator><![CDATA[pizza]]></dc:creator>
		<pubDate>Thu, 14 Apr 2022 03:00:55 +0000</pubDate>
				<guid isPermaLink="false">http://https://github.com/tee275/beepizza.github.io.git/?post_type=product&#038;p=342</guid>

					<description><![CDATA[The combination of chicken and teriyaki sauce are brought into the oven to melt together
<div class="ddict_btn" style="top: 24px; left: 399.663px;"><img src="chrome-extension://fcfpagpiibkilokeihmaggjgheaemgbi/logo/48.png" /></div>
<div class="ddict_btn" style="top: 22px; left: 371.363px;"><img src="chrome-extension://fcfpagpiibkilokeihmaggjgheaemgbi/logo/48.png" /></div>]]></description>
										<content:encoded><![CDATA[The combination of chicken and teriyaki sauce are brought into the oven to melt together
<div class="ddict_btn" style="top: 24px; left: 399.663px;"><img src="chrome-extension://fcfpagpiibkilokeihmaggjgheaemgbi/logo/48.png" /></div>
<div class="ddict_btn" style="top: 22px; left: 371.363px;"><img src="chrome-extension://fcfpagpiibkilokeihmaggjgheaemgbi/logo/48.png" /></div>]]></content:encoded>
					
					<wfw:commentRss>http://https://github.com/tee275/beepizza.github.io.git/san-pham/pizza-teriyaki-chicken/feed/</wfw:commentRss>
			<slash:comments>0</slash:comments>
		
		
			</item>
		<item>
		<title>Ocean Mania</title>
		<link>http://https://github.com/tee275/beepizza.github.io.git/san-pham/ocean-mania/</link>
					<comments>http://https://github.com/tee275/beepizza.github.io.git/san-pham/ocean-mania/#respond</comments>
		
		<dc:creator><![CDATA[pizza]]></dc:creator>
		<pubDate>Wed, 13 Apr 2022 10:10:31 +0000</pubDate>
				<guid isPermaLink="false">http://https://github.com/tee275/beepizza.github.io.git/?post_type=product&#038;p=340</guid>

					<description><![CDATA[The combination of mozzarella cheese and seafood are brought into the oven to melt together
<div class="ddict_btn" style="top: 23px; left: 337.238px;"><img src="chrome-extension://fcfpagpiibkilokeihmaggjgheaemgbi/logo/48.png" /></div>]]></description>
										<content:encoded><![CDATA[The combination of mozzarella cheese and seafood are brought into the oven to melt together
<div class="ddict_btn" style="top: 23px; left: 337.238px;"><img src="chrome-extension://fcfpagpiibkilokeihmaggjgheaemgbi/logo/48.png" /></div>]]></content:encoded>
					
					<wfw:commentRss>http://https://github.com/tee275/beepizza.github.io.git/san-pham/ocean-mania/feed/</wfw:commentRss>
			<slash:comments>0</slash:comments>
		
		
			</item>
		<item>
		<title>Okonomiyaki + Random Drinks</title>
		<link>http://https://github.com/tee275/beepizza.github.io.git/san-pham/mushroom-pasta-random-drinks/</link>
					<comments>http://https://github.com/tee275/beepizza.github.io.git/san-pham/mushroom-pasta-random-drinks/#respond</comments>
		
		<dc:creator><![CDATA[pizza]]></dc:creator>
		<pubDate>Wed, 13 Apr 2022 09:46:39 +0000</pubDate>
				<guid isPermaLink="false">http://https://github.com/tee275/beepizza.github.io.git/?post_type=product&#038;p=336</guid>

					<description><![CDATA[The combination of  shrimp and mayonnaise are brought into the oven to melt together
<div class="ddict_btn" style="top: -29px; left: 743.361px;"><img src="chrome-extension://fcfpagpiibkilokeihmaggjgheaemgbi/logo/48.png" /></div>]]></description>
										<content:encoded><![CDATA[The combination of  shrimp and mayonnaise are brought into the oven to melt together
<div class="ddict_btn" style="top: -29px; left: 743.361px;"><img src="chrome-extension://fcfpagpiibkilokeihmaggjgheaemgbi/logo/48.png" /></div>]]></content:encoded>
					
					<wfw:commentRss>http://https://github.com/tee275/beepizza.github.io.git/san-pham/mushroom-pasta-random-drinks/feed/</wfw:commentRss>
			<slash:comments>0</slash:comments>
		
		
			</item>
		<item>
		<title>Pizzamin-sea + Random Drinks</title>
		<link>http://https://github.com/tee275/beepizza.github.io.git/san-pham/spicy-pasta-random-drinks/</link>
					<comments>http://https://github.com/tee275/beepizza.github.io.git/san-pham/spicy-pasta-random-drinks/#respond</comments>
		
		<dc:creator><![CDATA[pizza]]></dc:creator>
		<pubDate>Wed, 13 Apr 2022 09:43:41 +0000</pubDate>
				<guid isPermaLink="false">http://https://github.com/tee275/beepizza.github.io.git/?post_type=product&#038;p=335</guid>

					<description><![CDATA[With seafood shrimp, fresh squid, with onions and sweet pineapple combined with fragrant black pepper sauce, eat it all the time without getting bored.]]></description>
										<content:encoded><![CDATA[With seafood shrimp, fresh squid, with onions and sweet pineapple combined with fragrant black pepper sauce, eat it all the time without getting bored.]]></content:encoded>
					
					<wfw:commentRss>http://https://github.com/tee275/beepizza.github.io.git/san-pham/spicy-pasta-random-drinks/feed/</wfw:commentRss>
			<slash:comments>0</slash:comments>
		
		
			</item>
		<item>
		<title>Okonomiyaki</title>
		<link>http://https://github.com/tee275/beepizza.github.io.git/san-pham/okonomiyaki/</link>
					<comments>http://https://github.com/tee275/beepizza.github.io.git/san-pham/okonomiyaki/#respond</comments>
		
		<dc:creator><![CDATA[pizza]]></dc:creator>
		<pubDate>Thu, 31 Mar 2022 04:27:35 +0000</pubDate>
				<guid isPermaLink="false">http://https://github.com/tee275/beepizza.github.io.git/?post_type=product&#038;p=182</guid>

					<description><![CDATA[The combination of scallions, meat, squid, shrimp, vegetables are brought into the oven to melt together
<div class="ddict_btn" style="top: -85px; left: 743.361px;"><img src="chrome-extension://fcfpagpiibkilokeihmaggjgheaemgbi/logo/48.png" /></div>]]></description>
										<content:encoded><![CDATA[The combination of scallions, meat, squid, shrimp, vegetables are brought into the oven to melt together
<div class="ddict_btn" style="top: -85px; left: 743.361px;"><img src="chrome-extension://fcfpagpiibkilokeihmaggjgheaemgbi/logo/48.png" /></div>]]></content:encoded>
					
					<wfw:commentRss>http://https://github.com/tee275/beepizza.github.io.git/san-pham/okonomiyaki/feed/</wfw:commentRss>
			<slash:comments>0</slash:comments>
		
		
			</item>
		<item>
		<title>Extravaganza</title>
		<link>http://https://github.com/tee275/beepizza.github.io.git/san-pham/extravaganza/</link>
					<comments>http://https://github.com/tee275/beepizza.github.io.git/san-pham/extravaganza/#respond</comments>
		
		<dc:creator><![CDATA[pizza]]></dc:creator>
		<pubDate>Thu, 31 Mar 2022 04:11:17 +0000</pubDate>
				<guid isPermaLink="false">http://https://github.com/tee275/beepizza.github.io.git/?post_type=product&#038;p=180</guid>

					<description><![CDATA[The combination of Mozzarella Cheese, Ham,Green Bell Peppers sare brought into the oven to melt together]]></description>
										<content:encoded><![CDATA[The combination of Mozzarella Cheese, Ham,Green Bell Peppers sare brought into the oven to melt together]]></content:encoded>
					
					<wfw:commentRss>http://https://github.com/tee275/beepizza.github.io.git/san-pham/extravaganza/feed/</wfw:commentRss>
			<slash:comments>0</slash:comments>
		
		
			</item>
		<item>
		<title>Meat-Lovers</title>
		<link>http://https://github.com/tee275/beepizza.github.io.git/san-pham/meat-lovers/</link>
					<comments>http://https://github.com/tee275/beepizza.github.io.git/san-pham/meat-lovers/#respond</comments>
		
		<dc:creator><![CDATA[pizza]]></dc:creator>
		<pubDate>Tue, 29 Mar 2022 07:20:36 +0000</pubDate>
				<guid isPermaLink="false">http://https://github.com/tee275/beepizza.github.io.git/?post_type=product&#038;p=61</guid>

					<description><![CDATA[This pizza is filled with 4 delicious meats. Spicy sausage, salami, ham, spicy beef topped with mozzarella cheese and attractive tomato sauce]]></description>
										<content:encoded><![CDATA[This pizza is filled with 4 delicious meats. Spicy sausage, salami, ham, spicy beef topped with mozzarella cheese and attractive tomato sauce]]></content:encoded>
					
					<wfw:commentRss>http://https://github.com/tee275/beepizza.github.io.git/san-pham/meat-lovers/feed/</wfw:commentRss>
			<slash:comments>0</slash:comments>
		
		
			</item>
		<item>
		<title>Pizza Half-Half</title>
		<link>http://https://github.com/tee275/beepizza.github.io.git/san-pham/pizza-half-half/</link>
					<comments>http://https://github.com/tee275/beepizza.github.io.git/san-pham/pizza-half-half/#respond</comments>
		
		<dc:creator><![CDATA[pizza]]></dc:creator>
		<pubDate>Tue, 29 Mar 2022 07:18:51 +0000</pubDate>
				<guid isPermaLink="false">http://https://github.com/tee275/beepizza.github.io.git/?post_type=product&#038;p=60</guid>

					<description><![CDATA[Half-half pizza was created from the idea of trying different flavours at the same time]]></description>
										<content:encoded><![CDATA[Half-half pizza was created from the idea of trying different flavours at the same time]]></content:encoded>
					
					<wfw:commentRss>http://https://github.com/tee275/beepizza.github.io.git/san-pham/pizza-half-half/feed/</wfw:commentRss>
			<slash:comments>0</slash:comments>
		
		
			</item>
	</channel>
</rss>
