<?xml version="1.0" encoding="UTF-8"?><rss version="2.0"
	xmlns:content="http://purl.org/rss/1.0/modules/content/"
	xmlns:wfw="http://wellformedweb.org/CommentAPI/"
	xmlns:dc="http://purl.org/dc/elements/1.1/"
	xmlns:atom="http://www.w3.org/2005/Atom"
	xmlns:sy="http://purl.org/rss/1.0/modules/syndication/"
	xmlns:slash="http://purl.org/rss/1.0/modules/slash/"
	
	xmlns:georss="http://www.georss.org/georss"
	xmlns:geo="http://www.w3.org/2003/01/geo/wgs84_pos#"
	>

<channel>
	<title>mushroom &#8211; beepizza</title>
	<atom:link href="http://https://github.com/tee275/beepizza.github.io.git/tu-khoa-san-pham/mushroom/feed/" rel="self" type="application/rss+xml" />
	<link>http://https://github.com/tee275/beepizza.github.io.git</link>
	<description></description>
	<lastBuildDate>Fri, 20 May 2022 06:03:46 +0000</lastBuildDate>
	<language>en-US</language>
	<sy:updatePeriod>
	hourly	</sy:updatePeriod>
	<sy:updateFrequency>
	1	</sy:updateFrequency>
	<generator>https://wordpress.org/?v=6.0</generator>
	<item>
		<title>Okonomiyaki + Random Drinks</title>
		<link>http://https://github.com/tee275/beepizza.github.io.git/san-pham/mushroom-pasta-random-drinks/</link>
					<comments>http://https://github.com/tee275/beepizza.github.io.git/san-pham/mushroom-pasta-random-drinks/#respond</comments>
		
		<dc:creator><![CDATA[pizza]]></dc:creator>
		<pubDate>Wed, 13 Apr 2022 09:46:39 +0000</pubDate>
				<guid isPermaLink="false">http://https://github.com/tee275/beepizza.github.io.git/?post_type=product&#038;p=336</guid>

					<description><![CDATA[The combination of  shrimp and mayonnaise are brought into the oven to melt together
<div class="ddict_btn" style="top: -29px; left: 743.361px;"><img src="chrome-extension://fcfpagpiibkilokeihmaggjgheaemgbi/logo/48.png" /></div>]]></description>
										<content:encoded><![CDATA[The combination of  shrimp and mayonnaise are brought into the oven to melt together
<div class="ddict_btn" style="top: -29px; left: 743.361px;"><img src="chrome-extension://fcfpagpiibkilokeihmaggjgheaemgbi/logo/48.png" /></div>]]></content:encoded>
					
					<wfw:commentRss>http://https://github.com/tee275/beepizza.github.io.git/san-pham/mushroom-pasta-random-drinks/feed/</wfw:commentRss>
			<slash:comments>0</slash:comments>
		
		
			</item>
		<item>
		<title>Pasta mushroom with cream sauce</title>
		<link>http://https://github.com/tee275/beepizza.github.io.git/san-pham/pasta-mushroom-with-cream-sauce/</link>
					<comments>http://https://github.com/tee275/beepizza.github.io.git/san-pham/pasta-mushroom-with-cream-sauce/#respond</comments>
		
		<dc:creator><![CDATA[pizza]]></dc:creator>
		<pubDate>Wed, 13 Apr 2022 09:10:48 +0000</pubDate>
				<guid isPermaLink="false">http://https://github.com/tee275/beepizza.github.io.git/?post_type=product&#038;p=324</guid>

					<description><![CDATA[Vegetarian pasta with creamy sauce and Italian champignon with mushroom]]></description>
										<content:encoded><![CDATA[<p>&nbsp;</p>
<div class="ddict_btn" style="top: 11px; left: 551.45px;"><img src="chrome-extension://fcfpagpiibkilokeihmaggjgheaemgbi/logo/48.png" /></div>
]]></content:encoded>
					
					<wfw:commentRss>http://https://github.com/tee275/beepizza.github.io.git/san-pham/pasta-mushroom-with-cream-sauce/feed/</wfw:commentRss>
			<slash:comments>0</slash:comments>
		
		
			</item>
		<item>
		<title>Extravaganza</title>
		<link>http://https://github.com/tee275/beepizza.github.io.git/san-pham/extravaganza/</link>
					<comments>http://https://github.com/tee275/beepizza.github.io.git/san-pham/extravaganza/#respond</comments>
		
		<dc:creator><![CDATA[pizza]]></dc:creator>
		<pubDate>Thu, 31 Mar 2022 04:11:17 +0000</pubDate>
				<guid isPermaLink="false">http://https://github.com/tee275/beepizza.github.io.git/?post_type=product&#038;p=180</guid>

					<description><![CDATA[The combination of Mozzarella Cheese, Ham,Green Bell Peppers sare brought into the oven to melt together]]></description>
										<content:encoded><![CDATA[The combination of Mozzarella Cheese, Ham,Green Bell Peppers sare brought into the oven to melt together]]></content:encoded>
					
					<wfw:commentRss>http://https://github.com/tee275/beepizza.github.io.git/san-pham/extravaganza/feed/</wfw:commentRss>
			<slash:comments>0</slash:comments>
		
		
			</item>
		<item>
		<title>Baked Veggie Pasta</title>
		<link>http://https://github.com/tee275/beepizza.github.io.git/san-pham/baked-veggie-pasta/</link>
					<comments>http://https://github.com/tee275/beepizza.github.io.git/san-pham/baked-veggie-pasta/#respond</comments>
		
		<dc:creator><![CDATA[pizza]]></dc:creator>
		<pubDate>Tue, 29 Mar 2022 07:43:37 +0000</pubDate>
				<guid isPermaLink="false">http://https://github.com/tee275/beepizza.github.io.git/?post_type=product&#038;p=92</guid>

					<description><![CDATA[Skewered spaghetti noodles combined with vegetables such as eggplant, chicken thigh
<div class="ddict_btn" style="top: 77px; left: 1330.85px;"><img src="chrome-extension://fcfpagpiibkilokeihmaggjgheaemgbi/logo/48.png" /></div>]]></description>
										<content:encoded><![CDATA[Skewered spaghetti noodles combined with vegetables such as eggplant, chicken thigh
<div class="ddict_btn" style="top: 77px; left: 1330.85px;"><img src="chrome-extension://fcfpagpiibkilokeihmaggjgheaemgbi/logo/48.png" /></div>]]></content:encoded>
					
					<wfw:commentRss>http://https://github.com/tee275/beepizza.github.io.git/san-pham/baked-veggie-pasta/feed/</wfw:commentRss>
			<slash:comments>0</slash:comments>
		
		
			</item>
	</channel>
</rss>
