<?xml version="1.0" encoding="UTF-8"?><rss version="2.0"
	xmlns:content="http://purl.org/rss/1.0/modules/content/"
	xmlns:wfw="http://wellformedweb.org/CommentAPI/"
	xmlns:dc="http://purl.org/dc/elements/1.1/"
	xmlns:atom="http://www.w3.org/2005/Atom"
	xmlns:sy="http://purl.org/rss/1.0/modules/syndication/"
	xmlns:slash="http://purl.org/rss/1.0/modules/slash/"
	
	xmlns:georss="http://www.georss.org/georss"
	xmlns:geo="http://www.w3.org/2003/01/geo/wgs84_pos#"
	>

<channel>
	<title>Combo &#8211; beepizza</title>
	<atom:link href="http://https://github.com/tee275/beepizza.github.io.git/danh-muc-san-pham/combo/feed/" rel="self" type="application/rss+xml" />
	<link>http://https://github.com/tee275/beepizza.github.io.git</link>
	<description></description>
	<lastBuildDate>Fri, 20 May 2022 06:09:07 +0000</lastBuildDate>
	<language>en-US</language>
	<sy:updatePeriod>
	hourly	</sy:updatePeriod>
	<sy:updateFrequency>
	1	</sy:updateFrequency>
	<generator>https://wordpress.org/?v=6.0</generator>
	<item>
		<title>Okonomiyaki + Random Drinks</title>
		<link>http://https://github.com/tee275/beepizza.github.io.git/san-pham/mushroom-pasta-random-drinks/</link>
					<comments>http://https://github.com/tee275/beepizza.github.io.git/san-pham/mushroom-pasta-random-drinks/#respond</comments>
		
		<dc:creator><![CDATA[pizza]]></dc:creator>
		<pubDate>Wed, 13 Apr 2022 09:46:39 +0000</pubDate>
				<guid isPermaLink="false">http://https://github.com/tee275/beepizza.github.io.git/?post_type=product&#038;p=336</guid>

					<description><![CDATA[The combination of  shrimp and mayonnaise are brought into the oven to melt together
<div class="ddict_btn" style="top: -29px; left: 743.361px;"><img src="chrome-extension://fcfpagpiibkilokeihmaggjgheaemgbi/logo/48.png" /></div>]]></description>
										<content:encoded><![CDATA[The combination of  shrimp and mayonnaise are brought into the oven to melt together
<div class="ddict_btn" style="top: -29px; left: 743.361px;"><img src="chrome-extension://fcfpagpiibkilokeihmaggjgheaemgbi/logo/48.png" /></div>]]></content:encoded>
					
					<wfw:commentRss>http://https://github.com/tee275/beepizza.github.io.git/san-pham/mushroom-pasta-random-drinks/feed/</wfw:commentRss>
			<slash:comments>0</slash:comments>
		
		
			</item>
		<item>
		<title>Pizzamin-sea + Random Drinks</title>
		<link>http://https://github.com/tee275/beepizza.github.io.git/san-pham/spicy-pasta-random-drinks/</link>
					<comments>http://https://github.com/tee275/beepizza.github.io.git/san-pham/spicy-pasta-random-drinks/#respond</comments>
		
		<dc:creator><![CDATA[pizza]]></dc:creator>
		<pubDate>Wed, 13 Apr 2022 09:43:41 +0000</pubDate>
				<guid isPermaLink="false">http://https://github.com/tee275/beepizza.github.io.git/?post_type=product&#038;p=335</guid>

					<description><![CDATA[With seafood shrimp, fresh squid, with onions and sweet pineapple combined with fragrant black pepper sauce, eat it all the time without getting bored.]]></description>
										<content:encoded><![CDATA[With seafood shrimp, fresh squid, with onions and sweet pineapple combined with fragrant black pepper sauce, eat it all the time without getting bored.]]></content:encoded>
					
					<wfw:commentRss>http://https://github.com/tee275/beepizza.github.io.git/san-pham/spicy-pasta-random-drinks/feed/</wfw:commentRss>
			<slash:comments>0</slash:comments>
		
		
			</item>
		<item>
		<title>Peperoni Feast + Random Drinks</title>
		<link>http://https://github.com/tee275/beepizza.github.io.git/san-pham/peperoni-feast-random-drinks/</link>
					<comments>http://https://github.com/tee275/beepizza.github.io.git/san-pham/peperoni-feast-random-drinks/#respond</comments>
		
		<dc:creator><![CDATA[pizza]]></dc:creator>
		<pubDate>Tue, 29 Mar 2022 07:36:08 +0000</pubDate>
				<guid isPermaLink="false">http://https://github.com/tee275/beepizza.github.io.git/?post_type=product&#038;p=71</guid>

					<description><![CDATA[The juiciness of fresh shrimps combined with delectable rosé sauce lindsey lyng]]></description>
										<content:encoded><![CDATA[The juiciness of fresh shrimps combined with delectable rosé sauce lindsey lyng]]></content:encoded>
					
					<wfw:commentRss>http://https://github.com/tee275/beepizza.github.io.git/san-pham/peperoni-feast-random-drinks/feed/</wfw:commentRss>
			<slash:comments>0</slash:comments>
		
		
			</item>
		<item>
		<title>Meat Lovers + Random Drinks</title>
		<link>http://https://github.com/tee275/beepizza.github.io.git/san-pham/meat-lovers-random-drinks/</link>
					<comments>http://https://github.com/tee275/beepizza.github.io.git/san-pham/meat-lovers-random-drinks/#respond</comments>
		
		<dc:creator><![CDATA[pizza]]></dc:creator>
		<pubDate>Tue, 29 Mar 2022 07:34:56 +0000</pubDate>
				<guid isPermaLink="false">http://https://github.com/tee275/beepizza.github.io.git/?post_type=product&#038;p=70</guid>

					<description><![CDATA[The juiciness of fresh shrimps combined with delectable rosé sauce lindsey lyng swag tee]]></description>
										<content:encoded><![CDATA[The juiciness of fresh shrimps combined with delectable rosé sauce lindsey lyng swag tee]]></content:encoded>
					
					<wfw:commentRss>http://https://github.com/tee275/beepizza.github.io.git/san-pham/meat-lovers-random-drinks/feed/</wfw:commentRss>
			<slash:comments>0</slash:comments>
		
		
			</item>
		<item>
		<title>Half-Half + Random Drinks</title>
		<link>http://https://github.com/tee275/beepizza.github.io.git/san-pham/half-half-random-drinks/</link>
					<comments>http://https://github.com/tee275/beepizza.github.io.git/san-pham/half-half-random-drinks/#respond</comments>
		
		<dc:creator><![CDATA[pizza]]></dc:creator>
		<pubDate>Tue, 29 Mar 2022 07:33:50 +0000</pubDate>
				<guid isPermaLink="false">http://https://github.com/tee275/beepizza.github.io.git/?post_type=product&#038;p=66</guid>

					<description><![CDATA[The juiciness of fresh shrimps combined with delectable rosé sauce lindsey lyng swag tee]]></description>
										<content:encoded><![CDATA[The juiciness of fresh shrimps combined with delectable rosé sauce lindsey lyng swag tee]]></content:encoded>
					
					<wfw:commentRss>http://https://github.com/tee275/beepizza.github.io.git/san-pham/half-half-random-drinks/feed/</wfw:commentRss>
			<slash:comments>0</slash:comments>
		
		
			</item>
	</channel>
</rss>
