<?xml version="1.0" encoding="UTF-8"?><rss version="2.0"
	xmlns:content="http://purl.org/rss/1.0/modules/content/"
	xmlns:wfw="http://wellformedweb.org/CommentAPI/"
	xmlns:dc="http://purl.org/dc/elements/1.1/"
	xmlns:atom="http://www.w3.org/2005/Atom"
	xmlns:sy="http://purl.org/rss/1.0/modules/syndication/"
	xmlns:slash="http://purl.org/rss/1.0/modules/slash/"
	
	xmlns:georss="http://www.georss.org/georss"
	xmlns:geo="http://www.w3.org/2003/01/geo/wgs84_pos#"
	>

<channel>
	<title>pepperoni &#8211; beepizza</title>
	<atom:link href="http://https://github.com/tee275/beepizza.github.io.git/tu-khoa-san-pham/pepperoni/feed/" rel="self" type="application/rss+xml" />
	<link>http://https://github.com/tee275/beepizza.github.io.git</link>
	<description></description>
	<lastBuildDate>Fri, 20 May 2022 06:09:47 +0000</lastBuildDate>
	<language>en-US</language>
	<sy:updatePeriod>
	hourly	</sy:updatePeriod>
	<sy:updateFrequency>
	1	</sy:updateFrequency>
	<generator>https://wordpress.org/?v=6.0</generator>
	<item>
		<title>Peperoni Feast + Random Drinks</title>
		<link>http://https://github.com/tee275/beepizza.github.io.git/san-pham/peperoni-feast-random-drinks/</link>
					<comments>http://https://github.com/tee275/beepizza.github.io.git/san-pham/peperoni-feast-random-drinks/#respond</comments>
		
		<dc:creator><![CDATA[pizza]]></dc:creator>
		<pubDate>Tue, 29 Mar 2022 07:36:08 +0000</pubDate>
				<guid isPermaLink="false">http://https://github.com/tee275/beepizza.github.io.git/?post_type=product&#038;p=71</guid>

					<description><![CDATA[The juiciness of fresh shrimps combined with delectable rosé sauce lindsey lyng]]></description>
										<content:encoded><![CDATA[The juiciness of fresh shrimps combined with delectable rosé sauce lindsey lyng]]></content:encoded>
					
					<wfw:commentRss>http://https://github.com/tee275/beepizza.github.io.git/san-pham/peperoni-feast-random-drinks/feed/</wfw:commentRss>
			<slash:comments>0</slash:comments>
		
		
			</item>
		<item>
		<title>Pepperoni Feast</title>
		<link>http://https://github.com/tee275/beepizza.github.io.git/san-pham/pepperoni-feast/</link>
					<comments>http://https://github.com/tee275/beepizza.github.io.git/san-pham/pepperoni-feast/#respond</comments>
		
		<dc:creator><![CDATA[pizza]]></dc:creator>
		<pubDate>Tue, 29 Mar 2022 07:24:10 +0000</pubDate>
				<guid isPermaLink="false">http://https://github.com/tee275/beepizza.github.io.git/?post_type=product&#038;p=63</guid>

					<description><![CDATA[The recipe and ingredients are true to the classic Italian taste, with slices of bright red Pepperoni
<div class="ddict_btn" style="top: 66px; left: 1254.9px;"><img src="chrome-extension://fcfpagpiibkilokeihmaggjgheaemgbi/logo/48.png" /></div>]]></description>
										<content:encoded><![CDATA[The recipe and ingredients are true to the classic Italian taste, with slices of bright red Pepperoni
<div class="ddict_btn" style="top: 66px; left: 1254.9px;"><img src="chrome-extension://fcfpagpiibkilokeihmaggjgheaemgbi/logo/48.png" /></div>]]></content:encoded>
					
					<wfw:commentRss>http://https://github.com/tee275/beepizza.github.io.git/san-pham/pepperoni-feast/feed/</wfw:commentRss>
			<slash:comments>0</slash:comments>
		
		
			</item>
	</channel>
</rss>
