<?xml version="1.0" encoding="UTF-8"?><rss version="2.0"
	xmlns:content="http://purl.org/rss/1.0/modules/content/"
	xmlns:wfw="http://wellformedweb.org/CommentAPI/"
	xmlns:dc="http://purl.org/dc/elements/1.1/"
	xmlns:atom="http://www.w3.org/2005/Atom"
	xmlns:sy="http://purl.org/rss/1.0/modules/syndication/"
	xmlns:slash="http://purl.org/rss/1.0/modules/slash/"
	
	xmlns:georss="http://www.georss.org/georss"
	xmlns:geo="http://www.w3.org/2003/01/geo/wgs84_pos#"
	>

<channel>
	<title>Pasta &#8211; beepizza</title>
	<atom:link href="http://https://github.com/tee275/beepizza.github.io.git/danh-muc-san-pham/pasta/feed/" rel="self" type="application/rss+xml" />
	<link>http://https://github.com/tee275/beepizza.github.io.git</link>
	<description></description>
	<lastBuildDate>Fri, 20 May 2022 06:07:39 +0000</lastBuildDate>
	<language>en-US</language>
	<sy:updatePeriod>
	hourly	</sy:updatePeriod>
	<sy:updateFrequency>
	1	</sy:updateFrequency>
	<generator>https://wordpress.org/?v=6.0</generator>
	<item>
		<title>Pasta mushroom with cream sauce</title>
		<link>http://https://github.com/tee275/beepizza.github.io.git/san-pham/pasta-mushroom-with-cream-sauce/</link>
					<comments>http://https://github.com/tee275/beepizza.github.io.git/san-pham/pasta-mushroom-with-cream-sauce/#respond</comments>
		
		<dc:creator><![CDATA[pizza]]></dc:creator>
		<pubDate>Wed, 13 Apr 2022 09:10:48 +0000</pubDate>
				<guid isPermaLink="false">http://https://github.com/tee275/beepizza.github.io.git/?post_type=product&#038;p=324</guid>

					<description><![CDATA[Vegetarian pasta with creamy sauce and Italian champignon with mushroom]]></description>
										<content:encoded><![CDATA[<p>&nbsp;</p>
<div class="ddict_btn" style="top: 11px; left: 551.45px;"><img src="chrome-extension://fcfpagpiibkilokeihmaggjgheaemgbi/logo/48.png" /></div>
]]></content:encoded>
					
					<wfw:commentRss>http://https://github.com/tee275/beepizza.github.io.git/san-pham/pasta-mushroom-with-cream-sauce/feed/</wfw:commentRss>
			<slash:comments>0</slash:comments>
		
		
			</item>
		<item>
		<title>Spicy Pasta</title>
		<link>http://https://github.com/tee275/beepizza.github.io.git/san-pham/spicy-pasta/</link>
					<comments>http://https://github.com/tee275/beepizza.github.io.git/san-pham/spicy-pasta/#respond</comments>
		
		<dc:creator><![CDATA[pizza]]></dc:creator>
		<pubDate>Wed, 13 Apr 2022 09:08:19 +0000</pubDate>
				<guid isPermaLink="false">http://https://github.com/tee275/beepizza.github.io.git/?post_type=product&#038;p=322</guid>

					<description><![CDATA[Pasta stir fried with parsley sausages, fresh herbs and Italian basil]]></description>
										<content:encoded><![CDATA[Pasta stir fried with parsley sausages, fresh herbs and Italian basil]]></content:encoded>
					
					<wfw:commentRss>http://https://github.com/tee275/beepizza.github.io.git/san-pham/spicy-pasta/feed/</wfw:commentRss>
			<slash:comments>0</slash:comments>
		
		
			</item>
		<item>
		<title>Baked Veggie Pasta</title>
		<link>http://https://github.com/tee275/beepizza.github.io.git/san-pham/baked-veggie-pasta/</link>
					<comments>http://https://github.com/tee275/beepizza.github.io.git/san-pham/baked-veggie-pasta/#respond</comments>
		
		<dc:creator><![CDATA[pizza]]></dc:creator>
		<pubDate>Tue, 29 Mar 2022 07:43:37 +0000</pubDate>
				<guid isPermaLink="false">http://https://github.com/tee275/beepizza.github.io.git/?post_type=product&#038;p=92</guid>

					<description><![CDATA[Skewered spaghetti noodles combined with vegetables such as eggplant, chicken thigh
<div class="ddict_btn" style="top: 77px; left: 1330.85px;"><img src="chrome-extension://fcfpagpiibkilokeihmaggjgheaemgbi/logo/48.png" /></div>]]></description>
										<content:encoded><![CDATA[Skewered spaghetti noodles combined with vegetables such as eggplant, chicken thigh
<div class="ddict_btn" style="top: 77px; left: 1330.85px;"><img src="chrome-extension://fcfpagpiibkilokeihmaggjgheaemgbi/logo/48.png" /></div>]]></content:encoded>
					
					<wfw:commentRss>http://https://github.com/tee275/beepizza.github.io.git/san-pham/baked-veggie-pasta/feed/</wfw:commentRss>
			<slash:comments>0</slash:comments>
		
		
			</item>
		<item>
		<title>Pasta shrimp rose</title>
		<link>http://https://github.com/tee275/beepizza.github.io.git/san-pham/baked-seafood-pasta/</link>
					<comments>http://https://github.com/tee275/beepizza.github.io.git/san-pham/baked-seafood-pasta/#respond</comments>
		
		<dc:creator><![CDATA[pizza]]></dc:creator>
		<pubDate>Tue, 29 Mar 2022 07:41:32 +0000</pubDate>
				<guid isPermaLink="false">http://https://github.com/tee275/beepizza.github.io.git/?post_type=product&#038;p=72</guid>

					<description><![CDATA[Skewered spaghetti noodles combined with seafood such as squid, shrimp covered with
<div class="ddict_btn" style="top: 44px; left: 1056.72px;"><img src="chrome-extension://fcfpagpiibkilokeihmaggjgheaemgbi/logo/48.png" /></div>]]></description>
										<content:encoded><![CDATA[<p>The juiciness of fresh shrimps combined with delectable rosé sauce</p>
]]></content:encoded>
					
					<wfw:commentRss>http://https://github.com/tee275/beepizza.github.io.git/san-pham/baked-seafood-pasta/feed/</wfw:commentRss>
			<slash:comments>0</slash:comments>
		
		
			</item>
		<item>
		<title>Baked Bolognese Pasta</title>
		<link>http://https://github.com/tee275/beepizza.github.io.git/san-pham/baked-bolognese-pasta/</link>
					<comments>http://https://github.com/tee275/beepizza.github.io.git/san-pham/baked-bolognese-pasta/#respond</comments>
		
		<dc:creator><![CDATA[pizza]]></dc:creator>
		<pubDate>Tue, 29 Mar 2022 07:28:17 +0000</pubDate>
				<guid isPermaLink="false">http://https://github.com/tee275/beepizza.github.io.git/?post_type=product&#038;p=64</guid>

					<description><![CDATA[Skewered spaghetti noodles combined with premium beef, delicious and rich tomato beef sauce]]></description>
										<content:encoded><![CDATA[Skewered spaghetti noodles combined with premium beef, delicious and rich tomato beef sauce]]></content:encoded>
					
					<wfw:commentRss>http://https://github.com/tee275/beepizza.github.io.git/san-pham/baked-bolognese-pasta/feed/</wfw:commentRss>
			<slash:comments>0</slash:comments>
		
		
			</item>
	</channel>
</rss>
