<?xml version="1.0" encoding="UTF-8"?><rss version="2.0"
	xmlns:content="http://purl.org/rss/1.0/modules/content/"
	xmlns:wfw="http://wellformedweb.org/CommentAPI/"
	xmlns:dc="http://purl.org/dc/elements/1.1/"
	xmlns:atom="http://www.w3.org/2005/Atom"
	xmlns:sy="http://purl.org/rss/1.0/modules/syndication/"
	xmlns:slash="http://purl.org/rss/1.0/modules/slash/"
	
	xmlns:georss="http://www.georss.org/georss"
	xmlns:geo="http://www.w3.org/2003/01/geo/wgs84_pos#"
	>

<channel>
	<title>Sides &#8211; beepizza</title>
	<atom:link href="http://https://github.com/tee275/beepizza.github.io.git/danh-muc-san-pham/sides/feed/" rel="self" type="application/rss+xml" />
	<link>http://https://github.com/tee275/beepizza.github.io.git</link>
	<description></description>
	<lastBuildDate>Fri, 20 May 2022 06:03:19 +0000</lastBuildDate>
	<language>en-US</language>
	<sy:updatePeriod>
	hourly	</sy:updatePeriod>
	<sy:updateFrequency>
	1	</sy:updateFrequency>
	<generator>https://wordpress.org/?v=6.0</generator>
	<item>
		<title>Cheesy Potato Wedges</title>
		<link>http://https://github.com/tee275/beepizza.github.io.git/san-pham/baked-cheesy-potato-wedges-2/</link>
					<comments>http://https://github.com/tee275/beepizza.github.io.git/san-pham/baked-cheesy-potato-wedges-2/#respond</comments>
		
		<dc:creator><![CDATA[pizza]]></dc:creator>
		<pubDate>Thu, 31 Mar 2022 04:03:37 +0000</pubDate>
				<guid isPermaLink="false">http://https://github.com/tee275/beepizza.github.io.git/?post_type=product&#038;p=178</guid>

					<description><![CDATA[The combination of potatoes, bacon and cheese blended together are brought into the oven to melt together]]></description>
										<content:encoded><![CDATA[The combination of potatoes, bacon and cheese blended together are brought into the oven to melt together]]></content:encoded>
					
					<wfw:commentRss>http://https://github.com/tee275/beepizza.github.io.git/san-pham/baked-cheesy-potato-wedges-2/feed/</wfw:commentRss>
			<slash:comments>0</slash:comments>
		
		
			</item>
		<item>
		<title>Cheesy Baked Chicken</title>
		<link>http://https://github.com/tee275/beepizza.github.io.git/san-pham/cheesy-baked-chicken/</link>
					<comments>http://https://github.com/tee275/beepizza.github.io.git/san-pham/cheesy-baked-chicken/#respond</comments>
		
		<dc:creator><![CDATA[pizza]]></dc:creator>
		<pubDate>Thu, 31 Mar 2022 04:00:02 +0000</pubDate>
				<guid isPermaLink="false">http://https://github.com/tee275/beepizza.github.io.git/?post_type=product&#038;p=176</guid>

					<description><![CDATA[The combination of chicken pieces blended with cheese coating are brought into the oven to melt together]]></description>
										<content:encoded><![CDATA[The combination of chicken pieces blended with cheese coating are brought into the oven to melt together]]></content:encoded>
					
					<wfw:commentRss>http://https://github.com/tee275/beepizza.github.io.git/san-pham/cheesy-baked-chicken/feed/</wfw:commentRss>
			<slash:comments>0</slash:comments>
		
		
			</item>
		<item>
		<title>BBQ Chicken Wings</title>
		<link>http://https://github.com/tee275/beepizza.github.io.git/san-pham/bbq-chicken-wings/</link>
					<comments>http://https://github.com/tee275/beepizza.github.io.git/san-pham/bbq-chicken-wings/#respond</comments>
		
		<dc:creator><![CDATA[pizza]]></dc:creator>
		<pubDate>Tue, 29 Mar 2022 07:52:21 +0000</pubDate>
				<guid isPermaLink="false">http://https://github.com/tee275/beepizza.github.io.git/?post_type=product&#038;p=97</guid>

					<description><![CDATA[The combination of succulent chicken wings mixed with BBQ sauce]]></description>
										<content:encoded><![CDATA[The combination of succulent chicken wings mixed with BBQ sauce]]></content:encoded>
					
					<wfw:commentRss>http://https://github.com/tee275/beepizza.github.io.git/san-pham/bbq-chicken-wings/feed/</wfw:commentRss>
			<slash:comments>0</slash:comments>
		
		
			</item>
		<item>
		<title>Garlic Butter Breadsticks</title>
		<link>http://https://github.com/tee275/beepizza.github.io.git/san-pham/garlic-butter-breadsticks/</link>
					<comments>http://https://github.com/tee275/beepizza.github.io.git/san-pham/garlic-butter-breadsticks/#respond</comments>
		
		<dc:creator><![CDATA[pizza]]></dc:creator>
		<pubDate>Tue, 29 Mar 2022 07:51:29 +0000</pubDate>
				<guid isPermaLink="false">http://https://github.com/tee275/beepizza.github.io.git/?post_type=product&#038;p=96</guid>

					<description><![CDATA[Garlic butter bread is a food product consisting of bread as the main ingredient with garlic
<div class="ddict_btn" style="top: 54px; left: 1078.95px;"><img src="chrome-extension://fcfpagpiibkilokeihmaggjgheaemgbi/logo/48.png" /></div>]]></description>
										<content:encoded><![CDATA[Garlic butter bread is a food product consisting of bread as the main ingredient with garlic
<div class="ddict_btn" style="top: 54px; left: 1078.95px;"><img src="chrome-extension://fcfpagpiibkilokeihmaggjgheaemgbi/logo/48.png" /></div>]]></content:encoded>
					
					<wfw:commentRss>http://https://github.com/tee275/beepizza.github.io.git/san-pham/garlic-butter-breadsticks/feed/</wfw:commentRss>
			<slash:comments>0</slash:comments>
		
		
			</item>
		<item>
		<title>Baked Pork Sausages</title>
		<link>http://https://github.com/tee275/beepizza.github.io.git/san-pham/baked-pork-sausages/</link>
					<comments>http://https://github.com/tee275/beepizza.github.io.git/san-pham/baked-pork-sausages/#respond</comments>
		
		<dc:creator><![CDATA[pizza]]></dc:creator>
		<pubDate>Tue, 29 Mar 2022 07:47:49 +0000</pubDate>
				<guid isPermaLink="false">http://https://github.com/tee275/beepizza.github.io.git/?post_type=product&#038;p=93</guid>

					<description><![CDATA[Crispy, chewy sausage with a distinctive smokey flavor combined with rich, aromatic cheese
<div class="ddict_btn" style="top: 72px; left: 967.1px;"><img src="chrome-extension://fcfpagpiibkilokeihmaggjgheaemgbi/logo/48.png" /></div>]]></description>
										<content:encoded><![CDATA[Crispy, chewy sausage with a distinctive smokey flavor combined with rich, aromatic cheese
<div class="ddict_btn" style="top: 72px; left: 967.1px;"><img src="chrome-extension://fcfpagpiibkilokeihmaggjgheaemgbi/logo/48.png" /></div>]]></content:encoded>
					
					<wfw:commentRss>http://https://github.com/tee275/beepizza.github.io.git/san-pham/baked-pork-sausages/feed/</wfw:commentRss>
			<slash:comments>0</slash:comments>
		
		
			</item>
	</channel>
</rss>
