<?xml version="1.0" encoding="UTF-8"?><rss version="2.0"
	xmlns:content="http://purl.org/rss/1.0/modules/content/"
	xmlns:dc="http://purl.org/dc/elements/1.1/"
	xmlns:atom="http://www.w3.org/2005/Atom"
	xmlns:sy="http://purl.org/rss/1.0/modules/syndication/"
	
	xmlns:georss="http://www.georss.org/georss"
	xmlns:geo="http://www.w3.org/2003/01/geo/wgs84_pos#"
	
	>
<channel>
	<title>
	Comments on: Baked Veggie Pasta	</title>
	<atom:link href="http://https://github.com/tee275/beepizza.github.io.git/san-pham/baked-veggie-pasta/feed/" rel="self" type="application/rss+xml" />
	<link>http://https://github.com/tee275/beepizza.github.io.git/san-pham/baked-veggie-pasta/</link>
	<description></description>
	<lastBuildDate>Fri, 20 May 2022 06:03:46 +0000</lastBuildDate>
	<sy:updatePeriod>
	hourly	</sy:updatePeriod>
	<sy:updateFrequency>
	1	</sy:updateFrequency>
	<generator>https://wordpress.org/?v=6.0</generator>
</channel>
</rss>
