<?xml version="1.0" encoding="UTF-8"?><rss version="2.0"
	xmlns:content="http://purl.org/rss/1.0/modules/content/"
	xmlns:wfw="http://wellformedweb.org/CommentAPI/"
	xmlns:dc="http://purl.org/dc/elements/1.1/"
	xmlns:atom="http://www.w3.org/2005/Atom"
	xmlns:sy="http://purl.org/rss/1.0/modules/syndication/"
	xmlns:slash="http://purl.org/rss/1.0/modules/slash/"
	
	xmlns:georss="http://www.georss.org/georss"
	xmlns:geo="http://www.w3.org/2003/01/geo/wgs84_pos#"
	>

<channel>
	<title>mayonnaise &#8211; beepizza</title>
	<atom:link href="http://https://github.com/tee275/beepizza.github.io.git/tu-khoa-san-pham/mayonnaise/feed/" rel="self" type="application/rss+xml" />
	<link>http://https://github.com/tee275/beepizza.github.io.git</link>
	<description></description>
	<lastBuildDate>Thu, 14 Apr 2022 03:30:42 +0000</lastBuildDate>
	<language>en-US</language>
	<sy:updatePeriod>
	hourly	</sy:updatePeriod>
	<sy:updateFrequency>
	1	</sy:updateFrequency>
	<generator>https://wordpress.org/?v=6.0</generator>
	<item>
		<title>Ocean Mania</title>
		<link>http://https://github.com/tee275/beepizza.github.io.git/san-pham/ocean-mania/</link>
					<comments>http://https://github.com/tee275/beepizza.github.io.git/san-pham/ocean-mania/#respond</comments>
		
		<dc:creator><![CDATA[pizza]]></dc:creator>
		<pubDate>Wed, 13 Apr 2022 10:10:31 +0000</pubDate>
				<guid isPermaLink="false">http://https://github.com/tee275/beepizza.github.io.git/?post_type=product&#038;p=340</guid>

					<description><![CDATA[The combination of mozzarella cheese and seafood are brought into the oven to melt together
<div class="ddict_btn" style="top: 23px; left: 337.238px;"><img src="chrome-extension://fcfpagpiibkilokeihmaggjgheaemgbi/logo/48.png" /></div>]]></description>
										<content:encoded><![CDATA[The combination of mozzarella cheese and seafood are brought into the oven to melt together
<div class="ddict_btn" style="top: 23px; left: 337.238px;"><img src="chrome-extension://fcfpagpiibkilokeihmaggjgheaemgbi/logo/48.png" /></div>]]></content:encoded>
					
					<wfw:commentRss>http://https://github.com/tee275/beepizza.github.io.git/san-pham/ocean-mania/feed/</wfw:commentRss>
			<slash:comments>0</slash:comments>
		
		
			</item>
	</channel>
</rss>
