<?xml version="1.0" encoding="UTF-8"?><rss version="2.0"
	xmlns:content="http://purl.org/rss/1.0/modules/content/"
	xmlns:wfw="http://wellformedweb.org/CommentAPI/"
	xmlns:dc="http://purl.org/dc/elements/1.1/"
	xmlns:atom="http://www.w3.org/2005/Atom"
	xmlns:sy="http://purl.org/rss/1.0/modules/syndication/"
	xmlns:slash="http://purl.org/rss/1.0/modules/slash/"
	
	xmlns:georss="http://www.georss.org/georss"
	xmlns:geo="http://www.w3.org/2003/01/geo/wgs84_pos#"
	>

<channel>
	<title>cheese &#8211; beepizza</title>
	<atom:link href="http://https://github.com/tee275/beepizza.github.io.git/tu-khoa-san-pham/cheese/feed/" rel="self" type="application/rss+xml" />
	<link>http://https://github.com/tee275/beepizza.github.io.git</link>
	<description></description>
	<lastBuildDate>Tue, 17 May 2022 04:49:19 +0000</lastBuildDate>
	<language>en-US</language>
	<sy:updatePeriod>
	hourly	</sy:updatePeriod>
	<sy:updateFrequency>
	1	</sy:updateFrequency>
	<generator>https://wordpress.org/?v=6.0</generator>
	<item>
		<title>Cheese Mania</title>
		<link>http://https://github.com/tee275/beepizza.github.io.git/san-pham/pizza-cheese-mania/</link>
					<comments>http://https://github.com/tee275/beepizza.github.io.git/san-pham/pizza-cheese-mania/#respond</comments>
		
		<dc:creator><![CDATA[pizza]]></dc:creator>
		<pubDate>Thu, 14 Apr 2022 03:24:25 +0000</pubDate>
				<guid isPermaLink="false">http://https://github.com/tee275/beepizza.github.io.git/?post_type=product&#038;p=348</guid>

					<description><![CDATA[The combination of mozzarella cheese and tomatoes sauce are brought into the oven to melt together
<div class="ddict_btn" style="top: 33px; left: 337.238px;"><img src="chrome-extension://fcfpagpiibkilokeihmaggjgheaemgbi/logo/48.png" /></div>]]></description>
										<content:encoded><![CDATA[The combination of mozzarella cheese and tomatoes sauce are brought into the oven to melt together
<div class="ddict_btn" style="top: 33px; left: 337.238px;"><img src="chrome-extension://fcfpagpiibkilokeihmaggjgheaemgbi/logo/48.png" /></div>]]></content:encoded>
					
					<wfw:commentRss>http://https://github.com/tee275/beepizza.github.io.git/san-pham/pizza-cheese-mania/feed/</wfw:commentRss>
			<slash:comments>0</slash:comments>
		
		
			</item>
		<item>
		<title>Cheesy Chicken Bacon</title>
		<link>http://https://github.com/tee275/beepizza.github.io.git/san-pham/pizza-cheesy-chicken-bacon/</link>
					<comments>http://https://github.com/tee275/beepizza.github.io.git/san-pham/pizza-cheesy-chicken-bacon/#respond</comments>
		
		<dc:creator><![CDATA[pizza]]></dc:creator>
		<pubDate>Thu, 14 Apr 2022 03:10:48 +0000</pubDate>
				<guid isPermaLink="false">http://https://github.com/tee275/beepizza.github.io.git/?post_type=product&#038;p=346</guid>

					<description><![CDATA[The combination of cheese, bacon and chicken are brought into the oven to melt together
<div class="ddict_btn" style="top: 49px; left: 337.238px;"><img src="chrome-extension://fcfpagpiibkilokeihmaggjgheaemgbi/logo/48.png" /></div>]]></description>
										<content:encoded><![CDATA[The combination of cheese, bacon and chicken are brought into the oven to melt together
<div class="ddict_btn" style="top: 49px; left: 337.238px;"><img src="chrome-extension://fcfpagpiibkilokeihmaggjgheaemgbi/logo/48.png" /></div>]]></content:encoded>
					
					<wfw:commentRss>http://https://github.com/tee275/beepizza.github.io.git/san-pham/pizza-cheesy-chicken-bacon/feed/</wfw:commentRss>
			<slash:comments>0</slash:comments>
		
		
			</item>
		<item>
		<title>Cheesy Potato Wedges</title>
		<link>http://https://github.com/tee275/beepizza.github.io.git/san-pham/baked-cheesy-potato-wedges-2/</link>
					<comments>http://https://github.com/tee275/beepizza.github.io.git/san-pham/baked-cheesy-potato-wedges-2/#respond</comments>
		
		<dc:creator><![CDATA[pizza]]></dc:creator>
		<pubDate>Thu, 31 Mar 2022 04:03:37 +0000</pubDate>
				<guid isPermaLink="false">http://https://github.com/tee275/beepizza.github.io.git/?post_type=product&#038;p=178</guid>

					<description><![CDATA[The combination of potatoes, bacon and cheese blended together are brought into the oven to melt together]]></description>
										<content:encoded><![CDATA[The combination of potatoes, bacon and cheese blended together are brought into the oven to melt together]]></content:encoded>
					
					<wfw:commentRss>http://https://github.com/tee275/beepizza.github.io.git/san-pham/baked-cheesy-potato-wedges-2/feed/</wfw:commentRss>
			<slash:comments>0</slash:comments>
		
		
			</item>
		<item>
		<title>Cheesy Baked Chicken</title>
		<link>http://https://github.com/tee275/beepizza.github.io.git/san-pham/cheesy-baked-chicken/</link>
					<comments>http://https://github.com/tee275/beepizza.github.io.git/san-pham/cheesy-baked-chicken/#respond</comments>
		
		<dc:creator><![CDATA[pizza]]></dc:creator>
		<pubDate>Thu, 31 Mar 2022 04:00:02 +0000</pubDate>
				<guid isPermaLink="false">http://https://github.com/tee275/beepizza.github.io.git/?post_type=product&#038;p=176</guid>

					<description><![CDATA[The combination of chicken pieces blended with cheese coating are brought into the oven to melt together]]></description>
										<content:encoded><![CDATA[The combination of chicken pieces blended with cheese coating are brought into the oven to melt together]]></content:encoded>
					
					<wfw:commentRss>http://https://github.com/tee275/beepizza.github.io.git/san-pham/cheesy-baked-chicken/feed/</wfw:commentRss>
			<slash:comments>0</slash:comments>
		
		
			</item>
	</channel>
</rss>
